{
  "breweries": {
    "japanese": [
      "うちゅうブルーイング",
      "Uchu Brewing",
      "欧和醸造所",
      "OWA",
      "OUTSIDER Brewing",
      "アウトサイダーブルーイング",
      "舞浜地ビール工房",
      "Roti's House",
      "ロティズハウス",
      "ハーヴェストムーン",
      "ハーベストムーン",
      "Harvest Moon",
      "新月ビア",
      "Shingetsu Beer",
      "牛込ビール館",
      "JouZo BEER BASE",
      "醸造ビアベース",
      "カマドブリュワリー",
      "Kamado Brewery",
      "Inkhorn Brewing",
      "インクホーンブルーイング"
    ],
    "international": [
      "Cloudburst Brewing",
      "クラウドバーストブルーイング",
      "Brujos Brewing",
      "ブルホスブルーイング",
      "Fremont Brewing",
      "フリーモントブルーイング",
      "Watts Brewing Company",
      "ワッツブルーイングカンパニー",
      "Smog City Brewing",
      "スモッグシティブルーイング",
      "Elysian",
      "エリシアン",
      "Stone Brewing",
      "ストーンブルーイング",
      "WHIPLASH",
      "ウィップラッシュ",
      "Brewerkz",
      "ブリュワークス"
    ]
  },
  "beer_styles": {
    "ipa_variations": [
      "IPA",
      "アイピーエー",
      "India Pale Ale",
      "インディアペールエール",
      "Hazy IPA",
      "ヘイジーIPA",
      "ヘイジー",
      "NEIPA",
      "New England IPA",
      "ニューイングランドIPA",
      "West Coast IPA",
      "ウェストコーストIPA",
      "DIPA",
      "Double IPA",
      "ダブルIPA",
      "TIPA",
      "Triple IPA",
      "トリプルIPA",
      "Session IPA",
      "セッションIPA",
      "Black IPA",
      "ブラックIPA",
      "Red IPA",
      "レッドIPA"
    ],
    "lager_variations": [
      "ラガー",
      "Lager",
      "ピルスナー",
      "Pilsner",
      "Pils",
      "ピルス",
      "ヘレス",
      "Helles",
      "Munich Helles",
      "ミュンヘンヘレス",
      "ドルトムンダー",
      "Dortmunder",
      "オクトーバーフェスト",
      "Oktoberfest",
      "メルツェン",
      "Märzen",
      "シュバルツビア",
      "Schwarzbier",
      "黒ラガー",
      "ボック",
      "Bock",
      "ドッペルボック",
      "Doppelbock"
    ],
    "dark_beers": [
      "スタウト",
      "Stout",
      "ポーター",
      "Porter",
      "バルチックポーター",
      "Baltic Porter",
      "インペリアルスタウト",
      "Imperial Stout",
      "オートミールスタウト",
      "Oatmeal Stout",
      "ミルクスタウト",
      "Milk Stout",
      "ロブストポーター",
      "Robust Porter",
      "黒ビール",
      "ダークエール",
      "Dark Ale"
    ],
    "belgian_styles": [
      "ベルジャンスタイル",
      "Belgian Style",
      "ベルジャンストロングダークエール",
      "Belgian Strong Dark Ale",
      "セゾン",
      "Saison",
      "れもんSaison",
      "レモンセゾン",
      "トリペル",
      "Tripel",
      "デュッベル",
      "Dubbel",
      "ウィットビア",
      "Witbier",
      "ランビック",
      "Lambic"
    ],
    "other_styles": [
      "エール",
      "Ale",
      "ペールエール",
      "Pale Ale",
      "アメリカンペールエール",
      "American Pale Ale",
      "APA",
      "ブラウンエール",
      "Brown Ale",
      "バーレイワイン",
      "Barley Wine",
      "ヴァイツェン",
      "Weizen",
      "ヴァイスビア",
      "Weissbier",
      "ヘフェヴァイツェン",
      "Hefeweizen",
      "ゴーゼ",
      "Gose",
      "サワーエール",
      "Sour Ale"
    ]
  },
  "ingredients": {
    "hops": [
      "ホップ",
      "Hop",
      "Hops",
      "シトラ",
      "Citra",
      "モザイク",
      "Mosaic",
      "ネルソン",
      "Nelson",
      "ネルソンソーヴィン",
      "Nelson Sauvin",
      "ネクタロン",
      "Nectaron",
      "シムコー",
      "Simcoe",
      "センテニアル",
      "Centennial",
      "カスケード",
      "Cascade",
      "アマリロ",
      "Amarillo",
      "エクアノット",
      "Equanot",
      "ギャラクシー",
      "Galaxy",
      "モトゥエカ",
      "Motueka"
    ],
    "malt": [
      "モルト",
      "Malt",
      "麦芽",
      "ペールモルト",
      "Pale Malt",
      "ミュンヘンモルト",
      "Munich Malt",
      "クリスタルモルト",
      "Crystal Malt",
      "チョコレートモルト",
      "Chocolate Malt",
      "ロースト麦芽",
      "Roasted Malt"
    ],
    "yeast": [
      "酵母",
      "イースト",
      "Yeast",
      "自然酵母",
      "野生酵母",
      "エール酵母",
      "Ale Yeast",
      "ラガー酵母",
      "Lager Yeast"
    ]
  },
  "brewing_terms": {
    "general": [
      "醸造",
      "Brewing",
      "ブルワー",
      "Brewer",
      "醸造家",
      "ブルワリー",
      "Brewery",
      "醸造所",
      "ブリューパブ",
      "Brewpub",
      "タップルーム",
      "Taproom",
      "テイスティング",
      "Tasting",
      "フライト",
      "Flight",
      "グラウラー",
      "Growler",
      "クラウラー",
      "Crowler"
    ],
    "processes": [
      "発酵",
      "Fermentation",
      "熟成",
      "Aging",
      "ドライホップ",
      "Dry Hop",
      "ドライホッピング",
      "Dry Hopping",
      "ワイン樽熟成",
      "Wine Barrel Aged",
      "バレルエイジド",
      "Barrel Aged",
      "樽熟成",
      "コンディショニング",
      "Conditioning",
      "瓶内二次発酵",
      "Bottle Conditioning"
    ]
  },
  "locations": {
    "japan": [
      "目白",
      "Mejiro",
      "山梨",
      "Yamanashi",
      "山梨県",
      "甲府",
      "Kofu",
      "甲府市",
      "千葉",
      "Chiba",
      "舞浜",
      "Maihama",
      "東京",
      "Tokyo",
      "新宿",
      "Shinjuku",
      "新宿区",
      "箪笥町",
      "徳島",
      "Tokushima",
      "阿南市",
      "名古屋",
      "Nagoya"
    ],
    "international": [
      "シアトル",
      "Seattle",
      "ポートランド",
      "Portland",
      "カリフォルニア",
      "California",
      "ウッディンビル",
      "Woodinville",
      "シンガポール",
      "Singapore"
    ]
  },
  "people": [
    "丹羽智",
    "Satoshi Niwa"
  ],
  "events_competitions": [
    "Beer 1グランプリ",
    "Beer 1 Grand Prix",
    "World Beer Cup",
    "ワールドビアカップ",
    "WBC",
    "JGBA",
    "日本地ビール協会",
    "ビアジャッジ",
    "Beer Judge"
  ],
  "product_categories": [
    "クラフトビール",
    "Craft Beer",
    "地ビール",
    "Local Beer",
    "限定ビール",
    "Limited Edition",
    "季節限定",
    "Seasonal",
    "コラボビール",
    "Collaboration",
    "エクストラブリュー",
    "Extra Brew",
    "黒ラベル",
    "Black Label"
  ],
  "related_products": [
    "ビールグラス",
    "Beer Glass",
    "IPA専用グラス",
    "IPA Glass",
    "ピルスナーグラス",
    "Pilsner Glass",
    "タンブラー",
    "Tumbler",
    "ビアマグ",
    "Beer Mug",
    "グラウラー",
    "Growler"
  ],
  "flavor_descriptions": [
    "ホッピー",
    "Hoppy",
    "フルーティ",
    "Fruity",
    "柑橘",
    "Citrus",
    "シトラス",
    "トロピカル",
    "Tropical",
    "松脂",
    "Pine",
    "パイニー",
    "Piney",
    "モルティ",
    "Malty",
    "ロースト",
    "Roasted",
    "チョコレート",
    "Chocolate",
    "コーヒー",
    "Coffee",
    "カラメル",
    "Caramel",
    "ビター",
    "Bitter",
    "苦味",
    "スムース",
    "Smooth",
    "クリーミー",
    "Creamy",
    "ドライ",
    "Dry",
    "スパイシー",
    "Spicy",
    "ファンキー",
    "Funky"
  ],
  "brand_specific": [
    "サッポロ",
    "Sapporo",
    "サッポロ生ビール",
    "Party 4 U",
    "SPECTRAL FRQUENTLY",
    "Earth",
    "黒欧和"
  ]
}